user_id,track_id
58b5da4c54daf8eda78a4e83c915dfccc5bb9a19,TRWILVQ128F42644B3
58b5da4c54daf8eda78a4e83c915dfccc5bb9a19,TRXNQJR12903CFE371
58b5da4c54daf8eda78a4e83c915dfccc5bb9a19,TRRHSQS128F42900FF
58b5da4c54daf8eda78a4e83c915dfccc5bb9a19,TRMKOWT128E0791F09
58b5da4c54daf8eda78a4e83c915dfccc5bb9a19,TRITQQY128F42900FB
58b5da4c54daf8eda78a4e83c915dfccc5bb9a19,TRRJHNB128EF351BF1
58b5da4c54daf8eda78a4e83c915dfccc5bb9a19,TRRNOPY128F931E7B1
58b5da4c54daf8eda78a4e83c915dfccc5bb9a19,TRFAQJU128F9351452
58b5da4c54daf8eda78a4e83c915dfccc5bb9a19,TRKXLJV128E0791E67
58b5da4c54daf8eda78a4e83c915dfccc5bb9a19,TRQITJI128E0791F02
ebcf1675e496c3471e5687907f8d75154460c7c2,TRRHXZX128F93191C4
ebcf1675e496c3471e5687907f8d75154460c7c2,TRIZDTN128F429EB1D
ebcf1675e496c3471e5687907f8d75154460c7c2,TRDRFVY128F4281937
ebcf1675e496c3471e5687907f8d75154460c7c2,TRLCRRV128F4298854
ebcf1675e496c3471e5687907f8d75154460c7c2,TRAXPDB128F14A8954
ebcf1675e496c3471e5687907f8d75154460c7c2,TRZPDFG128F92FDEF5
ebcf1675e496c3471e5687907f8d75154460c7c2,TRPFLRB128F14A895D
ebcf1675e496c3471e5687907f8d75154460c7c2,TRAEGXU128F9304D31
ebcf1675e496c3471e5687907f8d75154460c7c2,TRZFXSA128F93073BE
ebcf1675e496c3471e5687907f8d75154460c7c2,TRFLRXQ128F4280CCC
adff5b2d16f996a3d8c35a916e221214cd1727eb,TRFPLZK128F930DBE0
adff5b2d16f996a3d8c35a916e221214cd1727eb,TRUDYLO12903CBDAE3
adff5b2d16f996a3d8c35a916e221214cd1727eb,TREQSKD128F932E74A
adff5b2d16f996a3d8c35a916e221214cd1727eb,TRDAOOB128F932E752
adff5b2d16f996a3d8c35a916e221214cd1727eb,TRTMZAT128F932E754
adff5b2d16f996a3d8c35a916e221214cd1727eb,TRUJMAW128F4261E2D
adff5b2d16f996a3d8c35a916e221214cd1727eb,TRIMJVM128F42801F3
adff5b2d16f996a3d8c35a916e221214cd1727eb,TRWVOJJ12903CCC654
adff5b2d16f996a3d8c35a916e221214cd1727eb,TRBNLRU128F9307FFF
adff5b2d16f996a3d8c35a916e221214cd1727eb,TRGOYVY128F425CB96
bdadf6bb27e513eafe45115680b256d89adec57b,TRLNWJO128F148916D
bdadf6bb27e513eafe45115680b256d89adec57b,TRJKOWS128F14A49C0
bdadf6bb27e513eafe45115680b256d89adec57b,TRPVNPN128F1488F1C
bdadf6bb27e513eafe45115680b256d89adec57b,TRDEQES128F149B946
bdadf6bb27e513eafe45115680b256d89adec57b,TRDYCGA128F148915F
bdadf6bb27e513eafe45115680b256d89adec57b,TRTJQLR128E0788AED
bdadf6bb27e513eafe45115680b256d89adec57b,TREYLRJ128F149B948
bdadf6bb27e513eafe45115680b256d89adec57b,TRZHHIV128F1489172
bdadf6bb27e513eafe45115680b256d89adec57b,TRAUWXY128F146C6B3
bdadf6bb27e513eafe45115680b256d89adec57b,TRKLXON128F931D51A
f42f5c6ef43197a6d02e4dd96a4bcb3e35e35ccb,TRFNVPY128F92D2626
f42f5c6ef43197a6d02e4dd96a4bcb3e35e35ccb,TRQTYCH128F425DE14
f42f5c6ef43197a6d02e4dd96a4bcb3e35e35ccb,TRAKQIH128EF343180
f42f5c6ef43197a6d02e4dd96a4bcb3e35e35ccb,TRQTOFR128EF343187
f42f5c6ef43197a6d02e4dd96a4bcb3e35e35ccb,TRIHPDV128F932B5DC
f42f5c6ef43197a6d02e4dd96a4bcb3e35e35ccb,TRDAYHC128F147878E
f42f5c6ef43197a6d02e4dd96a4bcb3e35e35ccb,TRRLGDR128F933A7C9
f42f5c6ef43197a6d02e4dd96a4bcb3e35e35ccb,TRGYXFT128EF343184
f42f5c6ef43197a6d02e4dd96a4bcb3e35e35ccb,TRVUHMK128F93096E7
f42f5c6ef43197a6d02e4dd96a4bcb3e35e35ccb,TROIYYE128F42B8B7B
b15728f7c994acf5c41379689206e950840635e3,TRYBFNR128F426BE3D
b15728f7c994acf5c41379689206e950840635e3,TRWCIAX128F42925BD
b15728f7c994acf5c41379689206e950840635e3,TRBXLFU128F427A494
b15728f7c994acf5c41379689206e950840635e3,TRFNDHN128F426BE40
b15728f7c994acf5c41379689206e950840635e3,TRRGKHJ128F92F64DA
b15728f7c994acf5c41379689206e950840635e3,TRZJGCC128F427A496
b15728f7c994acf5c41379689206e950840635e3,TRZPLCV128F92CD953
b15728f7c994acf5c41379689206e950840635e3,TRHUNZT128C719654E
b15728f7c994acf5c41379689206e950840635e3,TRXWVTN128F4263CC9
b15728f7c994acf5c41379689206e950840635e3,TRXUWEC128F426BE3F
a8f1f033b071359de6cb6860a07b253170652cec,TRPOMAV128F92CA91A
a8f1f033b071359de6cb6860a07b253170652cec,TRMELBC12903CE44FC
a8f1f033b071359de6cb6860a07b253170652cec,TRZZUTD12903CADD68
a8f1f033b071359de6cb6860a07b253170652cec,TRABFDT12903CADD73
a8f1f033b071359de6cb6860a07b253170652cec,TRUXBJC12903CE44F7
a8f1f033b071359de6cb6860a07b253170652cec,TRZWTOU12903CE450A
a8f1f033b071359de6cb6860a07b253170652cec,TRYVVCW128F429DB85
a8f1f033b071359de6cb6860a07b253170652cec,TRPFYYL128F92F7144
a8f1f033b071359de6cb6860a07b253170652cec,TRQEBRP12903CADD6C
a8f1f033b071359de6cb6860a07b253170652cec,TRIPSQP12903CE450C
299c679088e218388209a0b98d7487b98a5ee852,TRYEGSH12903CD2DCE
299c679088e218388209a0b98d7487b98a5ee852,TRZYAGJ128F9332CEF
299c679088e218388209a0b98d7487b98a5ee852,TRZEDRT12903CD2DCC
299c679088e218388209a0b98d7487b98a5ee852,TRTKLFX12903CD2DC2
299c679088e218388209a0b98d7487b98a5ee852,TRRVJCK12903CD2DCB
299c679088e218388209a0b98d7487b98a5ee852,TRJJCJQ12903CD2DD3
299c679088e218388209a0b98d7487b98a5ee852,TRVSJOM12903CD2DC1
299c679088e218388209a0b98d7487b98a5ee852,TRLVQME128F931BAF3
299c679088e218388209a0b98d7487b98a5ee852,TRCKWGF12903CD2DCD
299c679088e218388209a0b98d7487b98a5ee852,TRDGUPO128F9332CF6
1df1e97045905bb704dca69ae174e9b461823bce,TRLNKSV12903CB4508
1df1e97045905bb704dca69ae174e9b461823bce,TRNIQYK12903CCD224
1df1e97045905bb704dca69ae174e9b461823bce,TRDFBPD12903CA9CF3
1df1e97045905bb704dca69ae174e9b461823bce,TRPFJPH128F427A71D
1df1e97045905bb704dca69ae174e9b461823bce,TRDYMST12903CCD314
1df1e97045905bb704dca69ae174e9b461823bce,TRHSMXC12903CCD313
1df1e97045905bb704dca69ae174e9b461823bce,TRAECHJ12903CC36DA
1df1e97045905bb704dca69ae174e9b461823bce,TRKSEEY12903CCD312
1df1e97045905bb704dca69ae174e9b461823bce,TRASJTL12903CCD30C
1df1e97045905bb704dca69ae174e9b461823bce,TROEGQQ12903CCD316
36a60ce0cae7acef1edbd73f21a4cd85a28bd0b6,TRUFTBY128F93450B8
36a60ce0cae7acef1edbd73f21a4cd85a28bd0b6,TRSEATK128F4294EB7
36a60ce0cae7acef1edbd73f21a4cd85a28bd0b6,TRIAGDA128F4296176
36a60ce0cae7acef1edbd73f21a4cd85a28bd0b6,TRFUPBA128F934F7E1
36a60ce0cae7acef1edbd73f21a4cd85a28bd0b6,TRZGDRC12903C92E4A
36a60ce0cae7acef1edbd73f21a4cd85a28bd0b6,TRPTVTR128F93450C6
36a60ce0cae7acef1edbd73f21a4cd85a28bd0b6,TRZNAHL128F9327D5A
36a60ce0cae7acef1edbd73f21a4cd85a28bd0b6,TRFRJTK128E078991E
36a60ce0cae7acef1edbd73f21a4cd85a28bd0b6,TRZALGW128F4296174
36a60ce0cae7acef1edbd73f21a4cd85a28bd0b6,TRIEPHZ128F93450CD
98793639e4b5c0160a7ae9e960eb4038462c9292,TRLRXKI128F92EA27B
98793639e4b5c0160a7ae9e960eb4038462c9292,TRREXFC128F92EA27A
98793639e4b5c0160a7ae9e960eb4038462c9292,TRJSYWK128EF343C87
98793639e4b5c0160a7ae9e960eb4038462c9292,TRGRUXA128F4292BD0
98793639e4b5c0160a7ae9e960eb4038462c9292,TRTQUEI128F9301775
98793639e4b5c0160a7ae9e960eb4038462c9292,TRLIGLF128F9301779
98793639e4b5c0160a7ae9e960eb4038462c9292,TRASLHI128EF343C84
98793639e4b5c0160a7ae9e960eb4038462c9292,TRSROIY128F92D9292
98793639e4b5c0160a7ae9e960eb4038462c9292,TRNDLCL128EF343C82
98793639e4b5c0160a7ae9e960eb4038462c9292,TRRRPHM128F92D9267
44e325f9234d1ff404eca4a24ca8f1dc1246b178,TRFDEBX128F92D541A
44e325f9234d1ff404eca4a24ca8f1dc1246b178,TRTYYTO12903CA4A34
44e325f9234d1ff404eca4a24ca8f1dc1246b178,TRGZAEU128E078393F
44e325f9234d1ff404eca4a24ca8f1dc1246b178,TRRGPSF128F92D92AA
44e325f9234d1ff404eca4a24ca8f1dc1246b178,TRLZXWB128E078393E
44e325f9234d1ff404eca4a24ca8f1dc1246b178,TRPZIII128F92D5420
44e325f9234d1ff404eca4a24ca8f1dc1246b178,TRIYKKO128E0783939
44e325f9234d1ff404eca4a24ca8f1dc1246b178,TRZEZQR12903CDB8A8
44e325f9234d1ff404eca4a24ca8f1dc1246b178,TRXOHPF128F92D541C
44e325f9234d1ff404eca4a24ca8f1dc1246b178,TRZEWHX128F92D92B3
463f12a53cef92415b3c96881b2c1acc7c4673b0,TRCWFHA128F9322C1B
463f12a53cef92415b3c96881b2c1acc7c4673b0,TRSHTER12903CE5606
463f12a53cef92415b3c96881b2c1acc7c4673b0,TRRKGRC128F932D8F0
463f12a53cef92415b3c96881b2c1acc7c4673b0,TRRVJCK12903CD2DCB
463f12a53cef92415b3c96881b2c1acc7c4673b0,TRURDFC12903CAB350
463f12a53cef92415b3c96881b2c1acc7c4673b0,TRVSJOM12903CD2DC1
463f12a53cef92415b3c96881b2c1acc7c4673b0,TRONYHY128F92C9D11
463f12a53cef92415b3c96881b2c1acc7c4673b0,TRATHTH128F42BC347
463f12a53cef92415b3c96881b2c1acc7c4673b0,TRLVQME128F931BAF3
463f12a53cef92415b3c96881b2c1acc7c4673b0,TRDGUPO128F9332CF6
97d294af582ca9c8a934c9128a75d8a2038a94d2,TRJZRTR128F9314B42
97d294af582ca9c8a934c9128a75d8a2038a94d2,TRBZZOG128F9314B47
97d294af582ca9c8a934c9128a75d8a2038a94d2,TRZEDRT12903CD2DCC
97d294af582ca9c8a934c9128a75d8a2038a94d2,TRMSZXT128F92F7816
97d294af582ca9c8a934c9128a75d8a2038a94d2,TRGYEZE128F92F52B2
97d294af582ca9c8a934c9128a75d8a2038a94d2,TREQOIZ128F42BCE96
97d294af582ca9c8a934c9128a75d8a2038a94d2,TRRVJCK12903CD2DCB
97d294af582ca9c8a934c9128a75d8a2038a94d2,TRDCZUX128F4263A74
97d294af582ca9c8a934c9128a75d8a2038a94d2,TRJQRAP128F9314B3F
97d294af582ca9c8a934c9128a75d8a2038a94d2,TRXWAZC128F9314B3E
a28f2743e494a232408d56d5ac0db91e2bd1a220,TRQPRNO128F145202C
a28f2743e494a232408d56d5ac0db91e2bd1a220,TRXDCZO12903D118F4
a28f2743e494a232408d56d5ac0db91e2bd1a220,TRSDHMX128F9313071
a28f2743e494a232408d56d5ac0db91e2bd1a220,TRFYNWB12903CE1DD3
a28f2743e494a232408d56d5ac0db91e2bd1a220,TRAAVRK128F92E58B4
a28f2743e494a232408d56d5ac0db91e2bd1a220,TRJKHDH128F147AEDC
a28f2743e494a232408d56d5ac0db91e2bd1a220,TRCFGVQ128F1452029
a28f2743e494a232408d56d5ac0db91e2bd1a220,TRUWYDJ128F92FF7C2
a28f2743e494a232408d56d5ac0db91e2bd1a220,TRZALTF128F14520F6
a28f2743e494a232408d56d5ac0db91e2bd1a220,TREBRIF128F930E969
4a896e6ea6f55538f4f0b347a4b3dada634d16de,TRTHSVK128F4248199
4a896e6ea6f55538f4f0b347a4b3dada634d16de,TRUNJWL128F42481A4
4a896e6ea6f55538f4f0b347a4b3dada634d16de,TRUVPVV128F4248192
4a896e6ea6f55538f4f0b347a4b3dada634d16de,TRSDMTL128F42481A0
4a896e6ea6f55538f4f0b347a4b3dada634d16de,TRBXLMI128F4248182
4a896e6ea6f55538f4f0b347a4b3dada634d16de,TRVABJW128F4248185
4a896e6ea6f55538f4f0b347a4b3dada634d16de,TROISGI128F4266028
4a896e6ea6f55538f4f0b347a4b3dada634d16de,TRGVDRB128F424818D
4a896e6ea6f55538f4f0b347a4b3dada634d16de,TRMBNER128F426603A
4a896e6ea6f55538f4f0b347a4b3dada634d16de,TRUGMFK128F4266032
d2dac76e5d9b9c7b918aa63f0574f031a78b132c,TRXLEEM128F933CE7F
d2dac76e5d9b9c7b918aa63f0574f031a78b132c,TRPJIEC128F9332C18
d2dac76e5d9b9c7b918aa63f0574f031a78b132c,TRTVBIX128F4223198
d2dac76e5d9b9c7b918aa63f0574f031a78b132c,TRIVOJW128F9332C0E
d2dac76e5d9b9c7b918aa63f0574f031a78b132c,TRGDJVL12903C9AA34
d2dac76e5d9b9c7b918aa63f0574f031a78b132c,TREBULK128F9332C1A
d2dac76e5d9b9c7b918aa63f0574f031a78b132c,TRIERTA128F4223196
d2dac76e5d9b9c7b918aa63f0574f031a78b132c,TRWKYUL128F422AC87
d2dac76e5d9b9c7b918aa63f0574f031a78b132c,TREIKBR12903CE300A
d2dac76e5d9b9c7b918aa63f0574f031a78b132c,TRWSIDH128F422ACD0
ca3c4b81d9e3f948cc8d153f1d334e28fa7a3b50,TRRSOSL128F426227E
ca3c4b81d9e3f948cc8d153f1d334e28fa7a3b50,TRBFVEP128F42621E3
ca3c4b81d9e3f948cc8d153f1d334e28fa7a3b50,TRWTQVX128F428A290
ca3c4b81d9e3f948cc8d153f1d334e28fa7a3b50,TRRIUVD128F426227D
ca3c4b81d9e3f948cc8d153f1d334e28fa7a3b50,TRIMSLK128F92D0580
ca3c4b81d9e3f948cc8d153f1d334e28fa7a3b50,TRDAMNT12903CA3369
ca3c4b81d9e3f948cc8d153f1d334e28fa7a3b50,TRKCJLA128F42621ED
ca3c4b81d9e3f948cc8d153f1d334e28fa7a3b50,TRJIZKR12903CDA60F
ca3c4b81d9e3f948cc8d153f1d334e28fa7a3b50,TRBAOJU128F42621E6
ca3c4b81d9e3f948cc8d153f1d334e28fa7a3b50,TRPEZXO128F428A29A
2fa8dbfb34d4e233e27fd7f5edc490d3da0305c0,TRJCSOR128F92E1062
2fa8dbfb34d4e233e27fd7f5edc490d3da0305c0,TRSZBKS128F1463398
2fa8dbfb34d4e233e27fd7f5edc490d3da0305c0,TRUHUNN128F92E58B5
2fa8dbfb34d4e233e27fd7f5edc490d3da0305c0,TRLJTGM128E0789E6F
2fa8dbfb34d4e233e27fd7f5edc490d3da0305c0,TRNSKPR128F146339E
2fa8dbfb34d4e233e27fd7f5edc490d3da0305c0,TRBNMGF128F146339F
2fa8dbfb34d4e233e27fd7f5edc490d3da0305c0,TRUQWCO128F9314819
2fa8dbfb34d4e233e27fd7f5edc490d3da0305c0,TRMKAZB128F92F2F3E
2fa8dbfb34d4e233e27fd7f5edc490d3da0305c0,TRILXCR128F1463397
2fa8dbfb34d4e233e27fd7f5edc490d3da0305c0,TRCUXVA128E078A1E9
7f5161a4e622f4cf2e152781a27dbc7931cb5e0d,TRKPWGR128E078EE06
7f5161a4e622f4cf2e152781a27dbc7931cb5e0d,TRDMUWU128E078EDDB
7f5161a4e622f4cf2e152781a27dbc7931cb5e0d,TRXEAZB128E078EDCE
7f5161a4e622f4cf2e152781a27dbc7931cb5e0d,TRVHLQH128F426E319
7f5161a4e622f4cf2e152781a27dbc7931cb5e0d,TRMJKTS128E078EDDD
7f5161a4e622f4cf2e152781a27dbc7931cb5e0d,TROGVJU128F4270333
7f5161a4e622f4cf2e152781a27dbc7931cb5e0d,TRITVFR128E078EE0B
7f5161a4e622f4cf2e152781a27dbc7931cb5e0d,TRVZPFW128F426E317
7f5161a4e622f4cf2e152781a27dbc7931cb5e0d,TRNSDHI128F426FB20
7f5161a4e622f4cf2e152781a27dbc7931cb5e0d,TRNJAMX128F427078A
d5220d1773bd39a5304e88c67f138b645a24793c,TRBFPOV128F422BFD2
d5220d1773bd39a5304e88c67f138b645a24793c,TRJCDWR128F1462B7D
d5220d1773bd39a5304e88c67f138b645a24793c,TRITVOV128F1462B7A
d5220d1773bd39a5304e88c67f138b645a24793c,TRIMJVM128F42801F3
d5220d1773bd39a5304e88c67f138b645a24793c,TRWTQCV128F1462B7F
d5220d1773bd39a5304e88c67f138b645a24793c,TRMSDIK128F9300AC0
d5220d1773bd39a5304e88c67f138b645a24793c,TRWVOJJ12903CCC654
d5220d1773bd39a5304e88c67f138b645a24793c,TRPNSZA128F1462B85
d5220d1773bd39a5304e88c67f138b645a24793c,TRSUBSI128F1462B81
d5220d1773bd39a5304e88c67f138b645a24793c,TRQWGFY128F428B9AD
fb7b1e53048594a13085738eae00c85e7c5e542f,TRCPXID128F92D5D3C
fb7b1e53048594a13085738eae00c85e7c5e542f,TRCJAHJ128E07815B6
fb7b1e53048594a13085738eae00c85e7c5e542f,TRIXLDR128F934B689
fb7b1e53048594a13085738eae00c85e7c5e542f,TRJOZKO128E0798848
fb7b1e53048594a13085738eae00c85e7c5e542f,TRABFDT12903CADD73
fb7b1e53048594a13085738eae00c85e7c5e542f,TRIRXFP128E0786412
fb7b1e53048594a13085738eae00c85e7c5e542f,TREJAUV128E0792A2A
fb7b1e53048594a13085738eae00c85e7c5e542f,TRRIAKP128F930CAF8
fb7b1e53048594a13085738eae00c85e7c5e542f,TRZNAHL128F9327D5A
fb7b1e53048594a13085738eae00c85e7c5e542f,TRONYHY128F92C9D11
4fae41d8bfb2fc28fa0d8fc4d5cfba8c7f03ece1,TRERPLQ128F425C904
4fae41d8bfb2fc28fa0d8fc4d5cfba8c7f03ece1,TRUXLYQ128F426B41C
4fae41d8bfb2fc28fa0d8fc4d5cfba8c7f03ece1,TRABOVH128F427D3B4
4fae41d8bfb2fc28fa0d8fc4d5cfba8c7f03ece1,TRJZRTR128F9314B42
4fae41d8bfb2fc28fa0d8fc4d5cfba8c7f03ece1,TRBZZOG128F9314B47
4fae41d8bfb2fc28fa0d8fc4d5cfba8c7f03ece1,TRMSZXT128F92F7816
4fae41d8bfb2fc28fa0d8fc4d5cfba8c7f03ece1,TRSMQXY128F93216E3
4fae41d8bfb2fc28fa0d8fc4d5cfba8c7f03ece1,TRFUOFT128F4253DC8
4fae41d8bfb2fc28fa0d8fc4d5cfba8c7f03ece1,TRJQRAP128F9314B3F
4fae41d8bfb2fc28fa0d8fc4d5cfba8c7f03ece1,TRXWAZC128F9314B3E
42c6f9dff7bc4d16ec8dc4eab4f896ebbaa8bbfb,TRUCRUF128F14B0255
42c6f9dff7bc4d16ec8dc4eab4f896ebbaa8bbfb,TRRGWHY128F93043DB
42c6f9dff7bc4d16ec8dc4eab4f896ebbaa8bbfb,TRXNONC128F425C2DC
42c6f9dff7bc4d16ec8dc4eab4f896ebbaa8bbfb,TRQEOMM128F427BF96
42c6f9dff7bc4d16ec8dc4eab4f896ebbaa8bbfb,TRETTHQ128F428294E
42c6f9dff7bc4d16ec8dc4eab4f896ebbaa8bbfb,TRMQHRY128F425E8B4
42c6f9dff7bc4d16ec8dc4eab4f896ebbaa8bbfb,TRPDNZQ128F92C1E98
42c6f9dff7bc4d16ec8dc4eab4f896ebbaa8bbfb,TRLKHYI128F426A243
42c6f9dff7bc4d16ec8dc4eab4f896ebbaa8bbfb,TRNFYNT128F427F015
42c6f9dff7bc4d16ec8dc4eab4f896ebbaa8bbfb,TRXQEYI128F92C4A37
c0ffaca8ce6ba9f1a6ae2ea85e605225eb666923,TRDZVAX128F427C6FA
c0ffaca8ce6ba9f1a6ae2ea85e605225eb666923,TRHGHWT128F425DEFA
c0ffaca8ce6ba9f1a6ae2ea85e605225eb666923,TRDAOOB128F932E752
c0ffaca8ce6ba9f1a6ae2ea85e605225eb666923,TRBOCQJ128F425DEF4
c0ffaca8ce6ba9f1a6ae2ea85e605225eb666923,TRUXBJC12903CE44F7
c0ffaca8ce6ba9f1a6ae2ea85e605225eb666923,TRYAEUK128F425DEF7
c0ffaca8ce6ba9f1a6ae2ea85e605225eb666923,TRCVSCB128F425BD4A
c0ffaca8ce6ba9f1a6ae2ea85e605225eb666923,TRZWTOU12903CE450A
c0ffaca8ce6ba9f1a6ae2ea85e605225eb666923,TRHRFIN128F425DEF1
c0ffaca8ce6ba9f1a6ae2ea85e605225eb666923,TRIPSQP12903CE450C
d4730a5e9c35f0250200896d7cfe50dc92a83adf,TRRSYUN128F932F7E2
d4730a5e9c35f0250200896d7cfe50dc92a83adf,TRRMVBR128F92F64BA
d4730a5e9c35f0250200896d7cfe50dc92a83adf,TRPPUVJ128F93259A2
d4730a5e9c35f0250200896d7cfe50dc92a83adf,TRWCIAX128F42925BD
d4730a5e9c35f0250200896d7cfe50dc92a83adf,TRCPLDY128E0791F79
d4730a5e9c35f0250200896d7cfe50dc92a83adf,TREHENJ128E07953C7
d4730a5e9c35f0250200896d7cfe50dc92a83adf,TRVQTQG128F93073B0
d4730a5e9c35f0250200896d7cfe50dc92a83adf,TRHUNZT128C719654E
d4730a5e9c35f0250200896d7cfe50dc92a83adf,TRONYHY128F92C9D11
d4730a5e9c35f0250200896d7cfe50dc92a83adf,TRWZFIC128F933BCA3
0c3a24d57499184b0e7855b12b422e45cac0688b,TRPHMMI128F92F95DF
0c3a24d57499184b0e7855b12b422e45cac0688b,TRKZIZZ12903CF5B4E
0c3a24d57499184b0e7855b12b422e45cac0688b,TREKLFH12903C9DA50
0c3a24d57499184b0e7855b12b422e45cac0688b,TRXYFBY128F92F5716
0c3a24d57499184b0e7855b12b422e45cac0688b,TREKFYL128F92D12E3
0c3a24d57499184b0e7855b12b422e45cac0688b,TRIGMUE12903CF2A21
0c3a24d57499184b0e7855b12b422e45cac0688b,TRIMECG128F92D0147
0c3a24d57499184b0e7855b12b422e45cac0688b,TRJFRVY128F92D0151
0c3a24d57499184b0e7855b12b422e45cac0688b,TRIDQJA12903CE29CC
0c3a24d57499184b0e7855b12b422e45cac0688b,TRAEBDE128F934EF2A
fbed2787af6ec52b837e6f191818df98820e773c,TRJDMHS128F92F2A0C
fbed2787af6ec52b837e6f191818df98820e773c,TRRNWAK128F92F29FB
fbed2787af6ec52b837e6f191818df98820e773c,TRMIHFS128F92F2A01
fbed2787af6ec52b837e6f191818df98820e773c,TRNFVQI128F931BAEA
fbed2787af6ec52b837e6f191818df98820e773c,TRTUWMO128F92F2A09
fbed2787af6ec52b837e6f191818df98820e773c,TRNEITZ128F92F29EA
fbed2787af6ec52b837e6f191818df98820e773c,TRCXWLU128F92F2A0D
fbed2787af6ec52b837e6f191818df98820e773c,TRQPSHM128F92F29ED
fbed2787af6ec52b837e6f191818df98820e773c,TRGOJNK128F92F2A03
fbed2787af6ec52b837e6f191818df98820e773c,TRLNFKN128F931BAF2
de840ab9ee57957bc9a294c0c881e78ab5df87e6,TRKGCIA128F92C315D
de840ab9ee57957bc9a294c0c881e78ab5df87e6,TRVVWSW128F4292931
de840ab9ee57957bc9a294c0c881e78ab5df87e6,TRLTCCL12903CE439A
de840ab9ee57957bc9a294c0c881e78ab5df87e6,TRALQZK128F429802D
de840ab9ee57957bc9a294c0c881e78ab5df87e6,TRSJFZV128F9336D47
de840ab9ee57957bc9a294c0c881e78ab5df87e6,TRXBHSU128F42BC33E
de840ab9ee57957bc9a294c0c881e78ab5df87e6,TRDXXLQ128F9311CF7
de840ab9ee57957bc9a294c0c881e78ab5df87e6,TRLYGCZ128F1469DA6
de840ab9ee57957bc9a294c0c881e78ab5df87e6,TRONYHY128F92C9D11
de840ab9ee57957bc9a294c0c881e78ab5df87e6,TRATHTH128F42BC347
4e33ec3e3c331d0301059810986a2fc65b4c08b6,TROMKCG128F9320C09
4e33ec3e3c331d0301059810986a2fc65b4c08b6,TRDSOTL128F92F29A3
4e33ec3e3c331d0301059810986a2fc65b4c08b6,TRXXCIZ128F42574DD
4e33ec3e3c331d0301059810986a2fc65b4c08b6,TRTNAHH128F4288430
4e33ec3e3c331d0301059810986a2fc65b4c08b6,TRHDUVA12903CD2373
4e33ec3e3c331d0301059810986a2fc65b4c08b6,TROOCDR12903CC1EEA
4e33ec3e3c331d0301059810986a2fc65b4c08b6,TRAWGRW128F4285171
4e33ec3e3c331d0301059810986a2fc65b4c08b6,TRIXVES128F4299B33
4e33ec3e3c331d0301059810986a2fc65b4c08b6,TRBCJZF128F429B4DB
4e33ec3e3c331d0301059810986a2fc65b4c08b6,TRORPXB128F4267015
7293b340f6f2cacf6f33a5c8a2cdefb753c2804f,TROBNEK128F148AE08
7293b340f6f2cacf6f33a5c8a2cdefb753c2804f,TRNNXDI128F930415B
7293b340f6f2cacf6f33a5c8a2cdefb753c2804f,TRZNUZO128F930416B
7293b340f6f2cacf6f33a5c8a2cdefb753c2804f,TRPSOIT128F147A026
7293b340f6f2cacf6f33a5c8a2cdefb753c2804f,TRTOIEV128F42969C9
7293b340f6f2cacf6f33a5c8a2cdefb753c2804f,TRIHPAT128F9304161
7293b340f6f2cacf6f33a5c8a2cdefb753c2804f,TRFSZKI128F4296975
7293b340f6f2cacf6f33a5c8a2cdefb753c2804f,TRFFILL128F9304160
7293b340f6f2cacf6f33a5c8a2cdefb753c2804f,TREOEGH128F930415E
7293b340f6f2cacf6f33a5c8a2cdefb753c2804f,TRLPBWP128F930416D
962020d68a534e5e4d53dc8caea36fd145dd3693,TRIYKRR128F92EF9BD
962020d68a534e5e4d53dc8caea36fd145dd3693,TRWWOKS128F9325C37
962020d68a534e5e4d53dc8caea36fd145dd3693,TRVVQDF128F932A497
962020d68a534e5e4d53dc8caea36fd145dd3693,TRHEIIH128F9314FC8
962020d68a534e5e4d53dc8caea36fd145dd3693,TRDNMQD128F9325C24
962020d68a534e5e4d53dc8caea36fd145dd3693,TRMNRHK12903CE5DBF
962020d68a534e5e4d53dc8caea36fd145dd3693,TREZGLQ128F932A48D
962020d68a534e5e4d53dc8caea36fd145dd3693,TRXGHOC128F92EF9BA
962020d68a534e5e4d53dc8caea36fd145dd3693,TRPGHIS128F932A4AA
962020d68a534e5e4d53dc8caea36fd145dd3693,TRIGVAJ128F932A490
ef5e41645bd1515ae0fab551ee0d98b637414168,TRIRVKC128F934D1BB
ef5e41645bd1515ae0fab551ee0d98b637414168,TRVUELD128F933B42A
ef5e41645bd1515ae0fab551ee0d98b637414168,TREOKKU128F92EF8AB
ef5e41645bd1515ae0fab551ee0d98b637414168,TRGSVZA128F92CF92E
ef5e41645bd1515ae0fab551ee0d98b637414168,TRMVWMZ128F92F23AC
ef5e41645bd1515ae0fab551ee0d98b637414168,TRRUBEI128F4236C6C
ef5e41645bd1515ae0fab551ee0d98b637414168,TRNBZKH128F4290361
ef5e41645bd1515ae0fab551ee0d98b637414168,TRIROYA12903CE1794
ef5e41645bd1515ae0fab551ee0d98b637414168,TRBRLNJ128F92F622E
ef5e41645bd1515ae0fab551ee0d98b637414168,TRCTUYV128F9337908
d687a2a7a25dd2592da07647b9946cde344fde17,TRZJFZJ128F92D425E
d687a2a7a25dd2592da07647b9946cde344fde17,TRXOPZJ128F4263C92
d687a2a7a25dd2592da07647b9946cde344fde17,TRFGJJP128F92D4260
d687a2a7a25dd2592da07647b9946cde344fde17,TRSLKTL128F92F278A
d687a2a7a25dd2592da07647b9946cde344fde17,TRWHPMK128F92D4266
d687a2a7a25dd2592da07647b9946cde344fde17,TRUHKEA128F4290D0F
d687a2a7a25dd2592da07647b9946cde344fde17,TRCARSP128F92D426E
d687a2a7a25dd2592da07647b9946cde344fde17,TRTGXPW128F92F278E
d687a2a7a25dd2592da07647b9946cde344fde17,TRBTIZD128F92F278C
d687a2a7a25dd2592da07647b9946cde344fde17,TRQPYPV128F92D4264
47190fe7c3e7472ec1e1413a77af3f9934e14b28,TRJEVTR128F429FEF6
47190fe7c3e7472ec1e1413a77af3f9934e14b28,TRIEREA128F429FEFB
47190fe7c3e7472ec1e1413a77af3f9934e14b28,TRFTYOQ12903CA4808
47190fe7c3e7472ec1e1413a77af3f9934e14b28,TRMGWRE128F429FEF5
47190fe7c3e7472ec1e1413a77af3f9934e14b28,TRDKMPV128F429FEF7
47190fe7c3e7472ec1e1413a77af3f9934e14b28,TRUWTAW128F429FEF1
47190fe7c3e7472ec1e1413a77af3f9934e14b28,TRHTOYT128F429FEF4
47190fe7c3e7472ec1e1413a77af3f9934e14b28,TRKOKJW128F4293539
47190fe7c3e7472ec1e1413a77af3f9934e14b28,TRISZNC12903CA4806
47190fe7c3e7472ec1e1413a77af3f9934e14b28,TRMLNIE128F429FEFA
fae18e24f17d98ec2354847fcb9bed4bc886240e,TRHSGXW12903CE895F
fae18e24f17d98ec2354847fcb9bed4bc886240e,TRTNHLR128F428D317
fae18e24f17d98ec2354847fcb9bed4bc886240e,TRVGDMZ128F428D313
fae18e24f17d98ec2354847fcb9bed4bc886240e,TRIWFHO128F426252F
fae18e24f17d98ec2354847fcb9bed4bc886240e,TRCRCBT128F4260DD1
fae18e24f17d98ec2354847fcb9bed4bc886240e,TRGVDRB128F424818D
fae18e24f17d98ec2354847fcb9bed4bc886240e,TRABKOG128F427C466
fae18e24f17d98ec2354847fcb9bed4bc886240e,TRYIKBI128F426FFF2
fae18e24f17d98ec2354847fcb9bed4bc886240e,TRPFYYL128F92F7144
fae18e24f17d98ec2354847fcb9bed4bc886240e,TRUFDRV128F4262352
033b99b23db1eddd499ce6d6ea68883887feef03,TRONFJS128F428979F
033b99b23db1eddd499ce6d6ea68883887feef03,TRPSFMW128F42AE12A
033b99b23db1eddd499ce6d6ea68883887feef03,TRTXEMZ128F42AE127
033b99b23db1eddd499ce6d6ea68883887feef03,TRTFDQT128F9328DB7
033b99b23db1eddd499ce6d6ea68883887feef03,TREZPCG128F42AE124
033b99b23db1eddd499ce6d6ea68883887feef03,TRVDFCY128F4261D33
033b99b23db1eddd499ce6d6ea68883887feef03,TREVUJI128F933B1F0
033b99b23db1eddd499ce6d6ea68883887feef03,TRIZQTF128F42AE142
033b99b23db1eddd499ce6d6ea68883887feef03,TRSSNUP128F42B841A
033b99b23db1eddd499ce6d6ea68883887feef03,TRARVWA128E0782562
6d2c5b9a9527bacf4dd226eb5c55b1639788938f,TRUYBQI128F424CA25
6d2c5b9a9527bacf4dd226eb5c55b1639788938f,TRZDAHX128F92FEFB3
6d2c5b9a9527bacf4dd226eb5c55b1639788938f,TRSIMMG12903D08CE3
6d2c5b9a9527bacf4dd226eb5c55b1639788938f,TRRQLXQ128EF35DCD1
6d2c5b9a9527bacf4dd226eb5c55b1639788938f,TRCTHDT128F4251654
6d2c5b9a9527bacf4dd226eb5c55b1639788938f,TRZNAHL128F9327D5A
6d2c5b9a9527bacf4dd226eb5c55b1639788938f,TROFEOJ12903D08CE9
6d2c5b9a9527bacf4dd226eb5c55b1639788938f,TRPODWE128F42A5DC1
6d2c5b9a9527bacf4dd226eb5c55b1639788938f,TRZQZUW128F92FEFBF
6d2c5b9a9527bacf4dd226eb5c55b1639788938f,TRFPMWR128F429DFB2
c0c920197be8bd69c7f7958761d8d5d4858e0271,TRVPVHJ128F932A476
c0c920197be8bd69c7f7958761d8d5d4858e0271,TRGZGCV12903CA8870
c0c920197be8bd69c7f7958761d8d5d4858e0271,TRSFREH128F932A3E4
c0c920197be8bd69c7f7958761d8d5d4858e0271,TRRDSGA128F932A417
c0c920197be8bd69c7f7958761d8d5d4858e0271,TRJQAIS128F932A3EE
c0c920197be8bd69c7f7958761d8d5d4858e0271,TRZHCRP128F932A467
c0c920197be8bd69c7f7958761d8d5d4858e0271,TRLOLYX12903CA8867
c0c920197be8bd69c7f7958761d8d5d4858e0271,TRQZHPV12903CA8864
c0c920197be8bd69c7f7958761d8d5d4858e0271,TRHWGEP128F932A45A
c0c920197be8bd69c7f7958761d8d5d4858e0271,TRSUZIC128F932A3F7
9b831a5b07b71de1d08945924953f244ad0729cf,TRHHKVQ128F423C322
9b831a5b07b71de1d08945924953f244ad0729cf,TRIRCYZ128F423C331
9b831a5b07b71de1d08945924953f244ad0729cf,TRCMLOO128F423C33D
9b831a5b07b71de1d08945924953f244ad0729cf,TRIZWXN128F423C6B4
9b831a5b07b71de1d08945924953f244ad0729cf,TRCTSVN128F423C31E
9b831a5b07b71de1d08945924953f244ad0729cf,TRFDSKQ128F423C31F
9b831a5b07b71de1d08945924953f244ad0729cf,TRMXREA128F423C33A
9b831a5b07b71de1d08945924953f244ad0729cf,TRBGNJF128F423C327
9b831a5b07b71de1d08945924953f244ad0729cf,TRJPSUJ128F423C32A
9b831a5b07b71de1d08945924953f244ad0729cf,TRUNRWE128EF3553CD
b740988b73e35f393af2ee8c5b8d147f98901663,TRXMJMD128F146AE5B
b740988b73e35f393af2ee8c5b8d147f98901663,TRFLVKB128F147CC69
b740988b73e35f393af2ee8c5b8d147f98901663,TRNIDOB128F4281CF7
b740988b73e35f393af2ee8c5b8d147f98901663,TROOVOP128F421BAC0
b740988b73e35f393af2ee8c5b8d147f98901663,TRZDFXU128F428FD54
b740988b73e35f393af2ee8c5b8d147f98901663,TRUFFFS128F93165FC
b740988b73e35f393af2ee8c5b8d147f98901663,TRGHHJF128F42BA1CB
b740988b73e35f393af2ee8c5b8d147f98901663,TRNOATJ128F4281CFB
b740988b73e35f393af2ee8c5b8d147f98901663,TRETMFW12903CA2DE4
b740988b73e35f393af2ee8c5b8d147f98901663,TRRCCHK128F4281CF9
278db78f601a617a8afba399de88aface21fa5ff,TREWIXS128E0792980
278db78f601a617a8afba399de88aface21fa5ff,TRKXYEU12903CE7BF1
278db78f601a617a8afba399de88aface21fa5ff,TRDSQJR128F92CB66C
278db78f601a617a8afba399de88aface21fa5ff,TRVYCKI12903CE7BF3
278db78f601a617a8afba399de88aface21fa5ff,TRHNEOP12903CE7BEF
278db78f601a617a8afba399de88aface21fa5ff,TRFALOC12903CE7BF0
278db78f601a617a8afba399de88aface21fa5ff,TRYEFWL12903CE7BEE
278db78f601a617a8afba399de88aface21fa5ff,TRUZZQG12903CE7BF2
278db78f601a617a8afba399de88aface21fa5ff,TRLVGOD12903CE7BEA
278db78f601a617a8afba399de88aface21fa5ff,TRBRRRZ128F930AB47
d3c620ecd8f4937b137c9a9b9298eb08224a80d2,TRLFJWL128F146CC1A
d3c620ecd8f4937b137c9a9b9298eb08224a80d2,TRVDXAI128F146CC1B
d3c620ecd8f4937b137c9a9b9298eb08224a80d2,TRQIBME128F93173C5
d3c620ecd8f4937b137c9a9b9298eb08224a80d2,TRFXWSD128F93173BF
d3c620ecd8f4937b137c9a9b9298eb08224a80d2,TRCOFIC128F93173C1
d3c620ecd8f4937b137c9a9b9298eb08224a80d2,TRQWDNH128F93173BE
d3c620ecd8f4937b137c9a9b9298eb08224a80d2,TRAAFOY128F146CC17
d3c620ecd8f4937b137c9a9b9298eb08224a80d2,TRDJDUD128F931B10C
d3c620ecd8f4937b137c9a9b9298eb08224a80d2,TRDLCNU128F93173BD
d3c620ecd8f4937b137c9a9b9298eb08224a80d2,TRBVNWT128F93173BA
8b7bdcf161ae59c729834250380dca92b8fb879d,TRPCAAH12903CEA5A7
8b7bdcf161ae59c729834250380dca92b8fb879d,TRYLZQN128F4240DFC
8b7bdcf161ae59c729834250380dca92b8fb879d,TRCKLDK12903CEA5A9
8b7bdcf161ae59c729834250380dca92b8fb879d,TRYFTMN128F427E2A1
8b7bdcf161ae59c729834250380dca92b8fb879d,TRGVFNR128C71962D6
8b7bdcf161ae59c729834250380dca92b8fb879d,TRRQBED128F4279305
8b7bdcf161ae59c729834250380dca92b8fb879d,TRXSZWB12903CF78C8
8b7bdcf161ae59c729834250380dca92b8fb879d,TRGZQTS12903CB964B
8b7bdcf161ae59c729834250380dca92b8fb879d,TRJUIBH128E0793AF1
8b7bdcf161ae59c729834250380dca92b8fb879d,TRUOKYS12903CEA5AA
6055c68254a5256118cf686c8de20a9ad6e6fd02,TRFGJJP128F92D4260
6055c68254a5256118cf686c8de20a9ad6e6fd02,TRSLKTL128F92F278A
6055c68254a5256118cf686c8de20a9ad6e6fd02,TRIHNSZ12903C9FF9D
6055c68254a5256118cf686c8de20a9ad6e6fd02,TRWHPMK128F92D4266
6055c68254a5256118cf686c8de20a9ad6e6fd02,TRUHKEA128F4290D0F
6055c68254a5256118cf686c8de20a9ad6e6fd02,TRCARSP128F92D426E
6055c68254a5256118cf686c8de20a9ad6e6fd02,TRTGXPW128F92F278E
6055c68254a5256118cf686c8de20a9ad6e6fd02,TRBTIZD128F92F278C
6055c68254a5256118cf686c8de20a9ad6e6fd02,TRQPYPV128F92D4264
6055c68254a5256118cf686c8de20a9ad6e6fd02,TROHHYU128F4284FFB
5c2b408f5f5f10094fa72656e3dfbf2cc113177e,TRMRHPL128F42890D1
5c2b408f5f5f10094fa72656e3dfbf2cc113177e,TRVZILF128F42748EF
5c2b408f5f5f10094fa72656e3dfbf2cc113177e,TRZPVLJ128F148D2F7
5c2b408f5f5f10094fa72656e3dfbf2cc113177e,TRPTIGH128C71968FA
5c2b408f5f5f10094fa72656e3dfbf2cc113177e,TRORLRH128F42890DE
5c2b408f5f5f10094fa72656e3dfbf2cc113177e,TRDGFON128F148D2F8
5c2b408f5f5f10094fa72656e3dfbf2cc113177e,TRRTMRG128F9302A14
5c2b408f5f5f10094fa72656e3dfbf2cc113177e,TRGDLYG12903CB0D32
5c2b408f5f5f10094fa72656e3dfbf2cc113177e,TRAALAH128E078234A
5c2b408f5f5f10094fa72656e3dfbf2cc113177e,TRNMVOG128EF35F997
a3060ff413901484b715f3f3a186ea367d8d6e79,TRSEBCD128F4289D57
a3060ff413901484b715f3f3a186ea367d8d6e79,TRTCQUM128F4289D54
a3060ff413901484b715f3f3a186ea367d8d6e79,TRJNFSZ128F4289D53
a3060ff413901484b715f3f3a186ea367d8d6e79,TRQPYWK128F4289D59
a3060ff413901484b715f3f3a186ea367d8d6e79,TRNQHGL128F4289D56
a3060ff413901484b715f3f3a186ea367d8d6e79,TRGQZGS128F4289D58
a3060ff413901484b715f3f3a186ea367d8d6e79,TRQQWQO128F429EB4D
a3060ff413901484b715f3f3a186ea367d8d6e79,TRNEOHC128F4289D51
a3060ff413901484b715f3f3a186ea367d8d6e79,TRTIGDR128F429EB56
a3060ff413901484b715f3f3a186ea367d8d6e79,TRJCZGQ128F4289D52
aec8c4a10939d75290649c9924c73d86307f721b,TRGBGVQ128F92CEAA2
aec8c4a10939d75290649c9924c73d86307f721b,TRXJRSJ128F9330D11
aec8c4a10939d75290649c9924c73d86307f721b,TRVFKQH128F9310B88
aec8c4a10939d75290649c9924c73d86307f721b,TRZQTVH128F934B6E3
aec8c4a10939d75290649c9924c73d86307f721b,TRLTCMF128F147CC9D
aec8c4a10939d75290649c9924c73d86307f721b,TRUJYEJ128F92CEAA9
aec8c4a10939d75290649c9924c73d86307f721b,TRUFFIU12903CC59EA
aec8c4a10939d75290649c9924c73d86307f721b,TRJAWUY128E078DFB5
aec8c4a10939d75290649c9924c73d86307f721b,TRJNRZE128F42A7F0E
aec8c4a10939d75290649c9924c73d86307f721b,TRCZCCV128F42865E7
d3feffe5130a1a4e5866c8d92a546a6fe84086fb,TRSXJKR128F148C80C
d3feffe5130a1a4e5866c8d92a546a6fe84086fb,TRVDDNU128F145A18E
d3feffe5130a1a4e5866c8d92a546a6fe84086fb,TRAAFGQ128F427D884
d3feffe5130a1a4e5866c8d92a546a6fe84086fb,TRNJDTT128F427D87E
d3feffe5130a1a4e5866c8d92a546a6fe84086fb,TRPCMIB128F9338981
d3feffe5130a1a4e5866c8d92a546a6fe84086fb,TRGEEXZ128F427D87C
d3feffe5130a1a4e5866c8d92a546a6fe84086fb,TRKQMZO128F933897D
d3feffe5130a1a4e5866c8d92a546a6fe84086fb,TRHNUTF128F9338982
d3feffe5130a1a4e5866c8d92a546a6fe84086fb,TRMEPEU128F9338979
d3feffe5130a1a4e5866c8d92a546a6fe84086fb,TRHELBK128F931F176
6305a706c11174d175901c549ad5d725d9803415,TRYEGSH12903CD2DCE
6305a706c11174d175901c549ad5d725d9803415,TRZYAGJ128F9332CEF
6305a706c11174d175901c549ad5d725d9803415,TRZEDRT12903CD2DCC
6305a706c11174d175901c549ad5d725d9803415,TRIPLSI128F9343267
6305a706c11174d175901c549ad5d725d9803415,TRTKLFX12903CD2DC2
6305a706c11174d175901c549ad5d725d9803415,TRRVJCK12903CD2DCB
6305a706c11174d175901c549ad5d725d9803415,TRJJCJQ12903CD2DD3
6305a706c11174d175901c549ad5d725d9803415,TRVSJOM12903CD2DC1
6305a706c11174d175901c549ad5d725d9803415,TRCKWGF12903CD2DCD
6305a706c11174d175901c549ad5d725d9803415,TRDGUPO128F9332CF6
2e6f9f66f12b2279c82d4255f992362fccdd9f02,TRYFXPG128E078ECBD
2e6f9f66f12b2279c82d4255f992362fccdd9f02,TRGWUKX128F9329052
2e6f9f66f12b2279c82d4255f992362fccdd9f02,TRBKFKL128E078ED76
2e6f9f66f12b2279c82d4255f992362fccdd9f02,TRLRGVX128E078EC1B
2e6f9f66f12b2279c82d4255f992362fccdd9f02,TREADOS128E078EC1F
2e6f9f66f12b2279c82d4255f992362fccdd9f02,TROEWXC128F148C83E
2e6f9f66f12b2279c82d4255f992362fccdd9f02,TRHFVGG128F9314AF8
2e6f9f66f12b2279c82d4255f992362fccdd9f02,TRRELZC128E078ED67
2e6f9f66f12b2279c82d4255f992362fccdd9f02,TRKEJSX128F145481D
2e6f9f66f12b2279c82d4255f992362fccdd9f02,TRFPCZI128E078EC13
73d6d17137b09bc148bf967f27e010455212f95c,TREIHYZ128F42792A9
73d6d17137b09bc148bf967f27e010455212f95c,TRFTGDG128F149BC3C
73d6d17137b09bc148bf967f27e010455212f95c,TRZJRJZ128F149BC3D
73d6d17137b09bc148bf967f27e010455212f95c,TRNNNSF128F42792AC
73d6d17137b09bc148bf967f27e010455212f95c,TRUZHZT128EF340D4F
73d6d17137b09bc148bf967f27e010455212f95c,TRYAHUK128F425F320
73d6d17137b09bc148bf967f27e010455212f95c,TRKLCVL128EF340D54
73d6d17137b09bc148bf967f27e010455212f95c,TRICORP128F149BC41
73d6d17137b09bc148bf967f27e010455212f95c,TREFRXR128F149BC40
73d6d17137b09bc148bf967f27e010455212f95c,TRDFODK128EF340D50
2bed670f1cd086ec739fb876be0d3b1c16392ab7,TRUFTBY128F93450B8
2bed670f1cd086ec739fb876be0d3b1c16392ab7,TRAAKDG128F42A0ECB
2bed670f1cd086ec739fb876be0d3b1c16392ab7,TRFTUIW128E0784B9F
2bed670f1cd086ec739fb876be0d3b1c16392ab7,TRWAQOC12903CB84CA
2bed670f1cd086ec739fb876be0d3b1c16392ab7,TRIDQJA12903CE29CC
2bed670f1cd086ec739fb876be0d3b1c16392ab7,TRFWGOJ128E0780C8B
2bed670f1cd086ec739fb876be0d3b1c16392ab7,TRGCHLH12903CB7352
2bed670f1cd086ec739fb876be0d3b1c16392ab7,TRPFYYL128F92F7144
2bed670f1cd086ec739fb876be0d3b1c16392ab7,TRLVQME128F931BAF3
2bed670f1cd086ec739fb876be0d3b1c16392ab7,TRCKWGF12903CD2DCD
1aa3d7fdebcfca870dd74d1c5b30d167df9d5337,TRCPXID128F92D5D3C
1aa3d7fdebcfca870dd74d1c5b30d167df9d5337,TRWIKPM128F931F1D2
1aa3d7fdebcfca870dd74d1c5b30d167df9d5337,TRFXKAY128F429940C
1aa3d7fdebcfca870dd74d1c5b30d167df9d5337,TRZDMLR128F42854CB
1aa3d7fdebcfca870dd74d1c5b30d167df9d5337,TRGMZNT128F92DE267
1aa3d7fdebcfca870dd74d1c5b30d167df9d5337,TRFTUIW128E0784B9F
1aa3d7fdebcfca870dd74d1c5b30d167df9d5337,TRBNYBX128F422EC61
1aa3d7fdebcfca870dd74d1c5b30d167df9d5337,TRFWGOJ128E0780C8B
1aa3d7fdebcfca870dd74d1c5b30d167df9d5337,TRONYHY128F92C9D11
1aa3d7fdebcfca870dd74d1c5b30d167df9d5337,TRXWAZC128F9314B3E
597d9120b942ba97cdd1fb907c1be28961e0c8c5,TRFGPLI128E078FC30
597d9120b942ba97cdd1fb907c1be28961e0c8c5,TROWQGL128E0784BAA
597d9120b942ba97cdd1fb907c1be28961e0c8c5,TRDYWLC128E0784B9A
597d9120b942ba97cdd1fb907c1be28961e0c8c5,TRCQYJE128E078FA49
597d9120b942ba97cdd1fb907c1be28961e0c8c5,TRGGLQD12903D1256C
597d9120b942ba97cdd1fb907c1be28961e0c8c5,TRSXDQY128F424E970
597d9120b942ba97cdd1fb907c1be28961e0c8c5,TRFTUIW128E0784B9F
597d9120b942ba97cdd1fb907c1be28961e0c8c5,TRAEUIW12903D018F0
597d9120b942ba97cdd1fb907c1be28961e0c8c5,TRJKRWX128F423AAF6
597d9120b942ba97cdd1fb907c1be28961e0c8c5,TRXJOGR128F92F7991
67b0b5f73844f52b5b45ca8c81fde79478c99a6a,TRWXGMQ128F92E8B59
67b0b5f73844f52b5b45ca8c81fde79478c99a6a,TRVEXJA12903CADD6F
67b0b5f73844f52b5b45ca8c81fde79478c99a6a,TRCPXPB128F423EA6A
67b0b5f73844f52b5b45ca8c81fde79478c99a6a,TRTAFRC128F932B6F9
67b0b5f73844f52b5b45ca8c81fde79478c99a6a,TRKXQPA128F93030EA
67b0b5f73844f52b5b45ca8c81fde79478c99a6a,TRIYBSB128F14B0259
67b0b5f73844f52b5b45ca8c81fde79478c99a6a,TRSUSWW128F93463BF
67b0b5f73844f52b5b45ca8c81fde79478c99a6a,TRXYRWA128F92CDF2E
67b0b5f73844f52b5b45ca8c81fde79478c99a6a,TRABFDT12903CADD73
67b0b5f73844f52b5b45ca8c81fde79478c99a6a,TRPFYYL128F92F7144
dcf9682228b48f36264166acac93ced3347661e1,TRVEXJA12903CADD6F
dcf9682228b48f36264166acac93ced3347661e1,TRGVRBY12903C98529
dcf9682228b48f36264166acac93ced3347661e1,TRDWWGK128F4243516
dcf9682228b48f36264166acac93ced3347661e1,TRRJWDW12903C9852F
dcf9682228b48f36264166acac93ced3347661e1,TRABFDT12903CADD73
dcf9682228b48f36264166acac93ced3347661e1,TRLGVRH12903C9852A
dcf9682228b48f36264166acac93ced3347661e1,TRBBFRI12903C9852B
dcf9682228b48f36264166acac93ced3347661e1,TRSDWCW128F14948EA
dcf9682228b48f36264166acac93ced3347661e1,TRZTLXS12903CB44AE
dcf9682228b48f36264166acac93ced3347661e1,TRPJHAC12903C9852C
6d150017f35cc50b929cded8755b8f2f64791ae3,TRQYGUV128F1462E01
6d150017f35cc50b929cded8755b8f2f64791ae3,TRWYFWY128F4255DA2
6d150017f35cc50b929cded8755b8f2f64791ae3,TRJWILN128F145E197
6d150017f35cc50b929cded8755b8f2f64791ae3,TRZGABY128F1462E00
6d150017f35cc50b929cded8755b8f2f64791ae3,TREGIGH128F145E19D
6d150017f35cc50b929cded8755b8f2f64791ae3,TRFTUIW128E0784B9F
6d150017f35cc50b929cded8755b8f2f64791ae3,TRCGXXW128F145E1A0
6d150017f35cc50b929cded8755b8f2f64791ae3,TROPESU128F145E198
6d150017f35cc50b929cded8755b8f2f64791ae3,TRRAIUU128F145E1A1
6d150017f35cc50b929cded8755b8f2f64791ae3,TRJZKOD128F1462E05
9c15a13c91b3f5380d7ca20c9440ee42692da791,TRYFXPG128E078ECBD
9c15a13c91b3f5380d7ca20c9440ee42692da791,TROMKCG128F9320C09
9c15a13c91b3f5380d7ca20c9440ee42692da791,TRCPXID128F92D5D3C
9c15a13c91b3f5380d7ca20c9440ee42692da791,TRPXPKZ128F4263A05
9c15a13c91b3f5380d7ca20c9440ee42692da791,TRFTUIW128E0784B9F
9c15a13c91b3f5380d7ca20c9440ee42692da791,TRWAQOC12903CB84CA
9c15a13c91b3f5380d7ca20c9440ee42692da791,TRFWGOJ128E0780C8B
9c15a13c91b3f5380d7ca20c9440ee42692da791,TRAALAH128E078234A
9c15a13c91b3f5380d7ca20c9440ee42692da791,TRONYHY128F92C9D11
9c15a13c91b3f5380d7ca20c9440ee42692da791,TRXWAZC128F9314B3E
21d1a3455bc7ae95ac9c8e150a7b016ace609949,TRXHXZJ128F92DD518
21d1a3455bc7ae95ac9c8e150a7b016ace609949,TRNJRJQ128F4281F5F
21d1a3455bc7ae95ac9c8e150a7b016ace609949,TRWFRIS128F42B3232
21d1a3455bc7ae95ac9c8e150a7b016ace609949,TRXOYEK128F4238FC6
21d1a3455bc7ae95ac9c8e150a7b016ace609949,TRPBHRM128F4255BB1
21d1a3455bc7ae95ac9c8e150a7b016ace609949,TRPAKOW128F4281F5A
21d1a3455bc7ae95ac9c8e150a7b016ace609949,TRETTHQ128F428294E
21d1a3455bc7ae95ac9c8e150a7b016ace609949,TRQHXAL128F42915DB
21d1a3455bc7ae95ac9c8e150a7b016ace609949,TROKIZT128F932ABF6
21d1a3455bc7ae95ac9c8e150a7b016ace609949,TRERZDK128F42B3222
4148f8cc8ae17de6f7d91b7b0532181e815f71c3,TRXIWBC128F930BD49
4148f8cc8ae17de6f7d91b7b0532181e815f71c3,TRSUANW128F930BD52
4148f8cc8ae17de6f7d91b7b0532181e815f71c3,TRFIWCV128F930C1C1
4148f8cc8ae17de6f7d91b7b0532181e815f71c3,TRHIMWR128F930C1BB
4148f8cc8ae17de6f7d91b7b0532181e815f71c3,TRGNBQZ128F930C1B8
4148f8cc8ae17de6f7d91b7b0532181e815f71c3,TRYLTCY128F92DC218
4148f8cc8ae17de6f7d91b7b0532181e815f71c3,TREBAMB128F930C1B0
4148f8cc8ae17de6f7d91b7b0532181e815f71c3,TRTIQED128F930BD5F
4148f8cc8ae17de6f7d91b7b0532181e815f71c3,TRHKJQW128F930C1BD
4148f8cc8ae17de6f7d91b7b0532181e815f71c3,TROXVFQ128F930BD41
63c67b8fd06b27d969e8b27e3cb00b2f6ad34dc8,TRJFGKJ128EF365DFC
63c67b8fd06b27d969e8b27e3cb00b2f6ad34dc8,TRDENKU128F427AE7F
63c67b8fd06b27d969e8b27e3cb00b2f6ad34dc8,TROIPRN128F424206C
63c67b8fd06b27d969e8b27e3cb00b2f6ad34dc8,TRYKRAY128F9335BBE
63c67b8fd06b27d969e8b27e3cb00b2f6ad34dc8,TRBHVEV128F425C018
63c67b8fd06b27d969e8b27e3cb00b2f6ad34dc8,TRUDNRB128F42598CA
63c67b8fd06b27d969e8b27e3cb00b2f6ad34dc8,TRLNOJH128F93370F6
63c67b8fd06b27d969e8b27e3cb00b2f6ad34dc8,TRDOYFZ128F426E715
63c67b8fd06b27d969e8b27e3cb00b2f6ad34dc8,TRBKUVF128F42709BA
63c67b8fd06b27d969e8b27e3cb00b2f6ad34dc8,TRCEYJI128F426AC6C
6d897b088acf93ae889a5d4841e8b7db8a71b196,TRQOEMN128F426E599
6d897b088acf93ae889a5d4841e8b7db8a71b196,TRZFPML128F931B0D4
6d897b088acf93ae889a5d4841e8b7db8a71b196,TRVOGXH128F9310CF2
6d897b088acf93ae889a5d4841e8b7db8a71b196,TRZEZKK128F931B0C2
6d897b088acf93ae889a5d4841e8b7db8a71b196,TRQJIHH128F931B0BE
6d897b088acf93ae889a5d4841e8b7db8a71b196,TRGCIGO128F9310CFE
6d897b088acf93ae889a5d4841e8b7db8a71b196,TRHOJNV128F9310CF1
6d897b088acf93ae889a5d4841e8b7db8a71b196,TRMRSTA128F931B0A6
6d897b088acf93ae889a5d4841e8b7db8a71b196,TRCZQIM128F9319F46
6d897b088acf93ae889a5d4841e8b7db8a71b196,TRGBSRK128F931B0CC
f63d1e743fd5e9be40324537bb61f6f814aa0dc9,TRNPJVK128F147F588
f63d1e743fd5e9be40324537bb61f6f814aa0dc9,TRUPDNU128F147CBE9
f63d1e743fd5e9be40324537bb61f6f814aa0dc9,TRKXZYR128F147F576
f63d1e743fd5e9be40324537bb61f6f814aa0dc9,TRYVOXQ128F4298267
f63d1e743fd5e9be40324537bb61f6f814aa0dc9,TRXRZEJ128F4274A89
f63d1e743fd5e9be40324537bb61f6f814aa0dc9,TRXNWEZ128F930FB87
f63d1e743fd5e9be40324537bb61f6f814aa0dc9,TRVAEXW128F423EB44
f63d1e743fd5e9be40324537bb61f6f814aa0dc9,TRUIIPM128F147CBD2
f63d1e743fd5e9be40324537bb61f6f814aa0dc9,TREJTYD128F4261B09
f63d1e743fd5e9be40324537bb61f6f814aa0dc9,TRZSPYG128F147F575
ff5d9c312dcac6e4d02f4d9b50f72af2857f9476,TRLKZVS12903CBBC09
ff5d9c312dcac6e4d02f4d9b50f72af2857f9476,TRURWGS12903CD2E67
ff5d9c312dcac6e4d02f4d9b50f72af2857f9476,TRXKGUY128F14A300D
ff5d9c312dcac6e4d02f4d9b50f72af2857f9476,TRBFYNY128F92F8755
ff5d9c312dcac6e4d02f4d9b50f72af2857f9476,TROLBWM128F426129D
ff5d9c312dcac6e4d02f4d9b50f72af2857f9476,TRJROQV128F148CF74
ff5d9c312dcac6e4d02f4d9b50f72af2857f9476,TRCPVAF12903CF7722
ff5d9c312dcac6e4d02f4d9b50f72af2857f9476,TRFRAFF12903CF8B94
ff5d9c312dcac6e4d02f4d9b50f72af2857f9476,TRXELHV128F92F8762
ff5d9c312dcac6e4d02f4d9b50f72af2857f9476,TRARJZN128F92E5043
a3d6ae9df6ac891e779c668a734a9a2d4f729467,TRFJCYV12903CB6526
a3d6ae9df6ac891e779c668a734a9a2d4f729467,TRWTPWJ128F42811FA
a3d6ae9df6ac891e779c668a734a9a2d4f729467,TRIMYCU128E07896B3
a3d6ae9df6ac891e779c668a734a9a2d4f729467,TRUDQDT128F42811F1
a3d6ae9df6ac891e779c668a734a9a2d4f729467,TRNYZQE128F42811F7
a3d6ae9df6ac891e779c668a734a9a2d4f729467,TRJHPUK128F932791F
a3d6ae9df6ac891e779c668a734a9a2d4f729467,TRZSAKK12903CB6527
a3d6ae9df6ac891e779c668a734a9a2d4f729467,TRLLBYS12903CB653D
a3d6ae9df6ac891e779c668a734a9a2d4f729467,TRUNEQU128E07896A2
a3d6ae9df6ac891e779c668a734a9a2d4f729467,TRGGNNH128F42599C3
266f1b2bc7226654758b6838aa9743928289c3ce,TRNJRJQ128F4281F5F
266f1b2bc7226654758b6838aa9743928289c3ce,TRXYAHQ128F9340B26
266f1b2bc7226654758b6838aa9743928289c3ce,TRYYJHJ128F9340B19
266f1b2bc7226654758b6838aa9743928289c3ce,TRDZTKB128F42882CE
266f1b2bc7226654758b6838aa9743928289c3ce,TRPAKOW128F4281F5A
266f1b2bc7226654758b6838aa9743928289c3ce,TRETTHQ128F428294E
266f1b2bc7226654758b6838aa9743928289c3ce,TRTFFMQ128F92F8DB2
266f1b2bc7226654758b6838aa9743928289c3ce,TRIEBEZ128F9340B0B
266f1b2bc7226654758b6838aa9743928289c3ce,TRXVRIZ128F42843CE
266f1b2bc7226654758b6838aa9743928289c3ce,TRVKLGW12903CB4523
e136a6ee9844a58035c39c52d98e9457f80e5370,TRHLNKY12903CEB0DA
e136a6ee9844a58035c39c52d98e9457f80e5370,TRRYLYK128F92F89F6
e136a6ee9844a58035c39c52d98e9457f80e5370,TRGHYLD128F932318F
e136a6ee9844a58035c39c52d98e9457f80e5370,TRRMRGL128EF344BF4
e136a6ee9844a58035c39c52d98e9457f80e5370,TRTOIEV128F42969C9
e136a6ee9844a58035c39c52d98e9457f80e5370,TRIPDOF128EF344BF9
e136a6ee9844a58035c39c52d98e9457f80e5370,TRBJSEW128F42969A1
e136a6ee9844a58035c39c52d98e9457f80e5370,TRMDBUU128F429696D
e136a6ee9844a58035c39c52d98e9457f80e5370,TRRQVGF128EF344BF6
e136a6ee9844a58035c39c52d98e9457f80e5370,TRHGYJL128F93091A5
d2ca5044aac60c39b1aab9c3581f14c1aedba289,TRAHQJP12903CF4709
d2ca5044aac60c39b1aab9c3581f14c1aedba289,TRPWBYX12903CF4708
d2ca5044aac60c39b1aab9c3581f14c1aedba289,TREYAOP12903CF470A
d2ca5044aac60c39b1aab9c3581f14c1aedba289,TRKGOUE12903CF4702
d2ca5044aac60c39b1aab9c3581f14c1aedba289,TRARRWQ12903CF4707
d2ca5044aac60c39b1aab9c3581f14c1aedba289,TRFDXCC12903CF4703
d2ca5044aac60c39b1aab9c3581f14c1aedba289,TRTLNUT12903CF4704
d2ca5044aac60c39b1aab9c3581f14c1aedba289,TRLWFSO128F426745A
d2ca5044aac60c39b1aab9c3581f14c1aedba289,TRLECHY12903CB6CE0
d2ca5044aac60c39b1aab9c3581f14c1aedba289,TRPZZQV12903CF470C
3c6efefe5e031f89537dce4f735a2d889e2339a2,TRWDVFQ128F931C2EB
3c6efefe5e031f89537dce4f735a2d889e2339a2,TRFOBAZ128F931A2FD
3c6efefe5e031f89537dce4f735a2d889e2339a2,TRVKFAI128F92FFC0A
3c6efefe5e031f89537dce4f735a2d889e2339a2,TRCBBXT128F931B080
3c6efefe5e031f89537dce4f735a2d889e2339a2,TRMIKES128F92FFBF4
3c6efefe5e031f89537dce4f735a2d889e2339a2,TRCUEAD128F92FFC39
3c6efefe5e031f89537dce4f735a2d889e2339a2,TRWCDGE128F931B094
3c6efefe5e031f89537dce4f735a2d889e2339a2,TROCWEX128F931B097
3c6efefe5e031f89537dce4f735a2d889e2339a2,TRHUNGN128F931A2F9
3c6efefe5e031f89537dce4f735a2d889e2339a2,TRCRIKB128F931AFC5
b49f20080cab1ebc03c4b2cc68da1e6fd169b1ab,TRSIYPJ128F14768AA
b49f20080cab1ebc03c4b2cc68da1e6fd169b1ab,TRLKQGD128F9316CAA
b49f20080cab1ebc03c4b2cc68da1e6fd169b1ab,TRHWAJN128F425C742
b49f20080cab1ebc03c4b2cc68da1e6fd169b1ab,TRFWQJI128EF35F617
b49f20080cab1ebc03c4b2cc68da1e6fd169b1ab,TRINKJU128F14768AC
b49f20080cab1ebc03c4b2cc68da1e6fd169b1ab,TRPISSR128F14768B6
b49f20080cab1ebc03c4b2cc68da1e6fd169b1ab,TRIKQTD12903C9CBEB
b49f20080cab1ebc03c4b2cc68da1e6fd169b1ab,TRZLVOU128F422B295
b49f20080cab1ebc03c4b2cc68da1e6fd169b1ab,TREWZKA128F14768A9
b49f20080cab1ebc03c4b2cc68da1e6fd169b1ab,TRGOERQ128E0782865
b61db7f522e0f7e2ed6a25757e55e04d2859a43b,TRVEXJA12903CADD6F
b61db7f522e0f7e2ed6a25757e55e04d2859a43b,TRXZIMW128F92DE236
b61db7f522e0f7e2ed6a25757e55e04d2859a43b,TRUWKDV128F92DE274
b61db7f522e0f7e2ed6a25757e55e04d2859a43b,TRNPJJC128F9322C78
b61db7f522e0f7e2ed6a25757e55e04d2859a43b,TRKIZWL128EF342C5A
b61db7f522e0f7e2ed6a25757e55e04d2859a43b,TRVYJCY128F92DE225
b61db7f522e0f7e2ed6a25757e55e04d2859a43b,TRABFDT12903CADD73
b61db7f522e0f7e2ed6a25757e55e04d2859a43b,TRGMZNT128F92DE267
b61db7f522e0f7e2ed6a25757e55e04d2859a43b,TRQEBRP12903CADD6C
b61db7f522e0f7e2ed6a25757e55e04d2859a43b,TRLNVSC12903CADD67
ab237d7bc53e6e9c47af8914033ec3c1bdd55151,TRPFXPK128F92F8FC1
ab237d7bc53e6e9c47af8914033ec3c1bdd55151,TRIVGDE128F92F8FBD
ab237d7bc53e6e9c47af8914033ec3c1bdd55151,TRNIQYK12903CCD224
ab237d7bc53e6e9c47af8914033ec3c1bdd55151,TRPPTLI128F92F8FB9
ab237d7bc53e6e9c47af8914033ec3c1bdd55151,TRSQWMY128F92F8FC7
ab237d7bc53e6e9c47af8914033ec3c1bdd55151,TRDYMST12903CCD314
ab237d7bc53e6e9c47af8914033ec3c1bdd55151,TRRGGKN128F92F8FC4
ab237d7bc53e6e9c47af8914033ec3c1bdd55151,TROGZPW128F9316AF8
ab237d7bc53e6e9c47af8914033ec3c1bdd55151,TRAECHJ12903CC36DA
ab237d7bc53e6e9c47af8914033ec3c1bdd55151,TRASJTL12903CCD30C
431fd962ac56061c98896ff11bcae22fa07c8f84,TRPWIGO128F931BAEB
431fd962ac56061c98896ff11bcae22fa07c8f84,TRRNWAK128F92F29FB
431fd962ac56061c98896ff11bcae22fa07c8f84,TRMIHFS128F92F2A01
431fd962ac56061c98896ff11bcae22fa07c8f84,TRNFVQI128F931BAEA
431fd962ac56061c98896ff11bcae22fa07c8f84,TRTUWMO128F92F2A09
431fd962ac56061c98896ff11bcae22fa07c8f84,TRPTIGH128C71968FA
431fd962ac56061c98896ff11bcae22fa07c8f84,TRGOJNK128F92F2A03
431fd962ac56061c98896ff11bcae22fa07c8f84,TRLNFKN128F931BAF2
431fd962ac56061c98896ff11bcae22fa07c8f84,TRONYHY128F92C9D11
431fd962ac56061c98896ff11bcae22fa07c8f84,TRLVQME128F931BAF3
6ddc5f87324fb67f2594d8bd0c70a1fd44f01177,TRYCACU128F42720D3
6ddc5f87324fb67f2594d8bd0c70a1fd44f01177,TRJSEXD128F423DBC4
6ddc5f87324fb67f2594d8bd0c70a1fd44f01177,TRLHKXL128EF34243A
6ddc5f87324fb67f2594d8bd0c70a1fd44f01177,TRMNRHK12903CE5DBF
6ddc5f87324fb67f2594d8bd0c70a1fd44f01177,TRGTZBQ128EF342437
6ddc5f87324fb67f2594d8bd0c70a1fd44f01177,TRHKDWD128F92DF835
6ddc5f87324fb67f2594d8bd0c70a1fd44f01177,TRXFBNU12903CCBE8A
6ddc5f87324fb67f2594d8bd0c70a1fd44f01177,TRNTAXV128F92F9042
6ddc5f87324fb67f2594d8bd0c70a1fd44f01177,TRFZGIQ128F92E2C75
6ddc5f87324fb67f2594d8bd0c70a1fd44f01177,TRCBESC12903CFADD9
8d4d3ffcd48d0c231f254fff3a8d61502c1ccce6,TRJKTIC128F92F20D7
8d4d3ffcd48d0c231f254fff3a8d61502c1ccce6,TRTBNOP12903CDB267
8d4d3ffcd48d0c231f254fff3a8d61502c1ccce6,TRJXBJK128F93285F2
8d4d3ffcd48d0c231f254fff3a8d61502c1ccce6,TRJMIEG128F4281E89
8d4d3ffcd48d0c231f254fff3a8d61502c1ccce6,TRHSIXP128F4224166
8d4d3ffcd48d0c231f254fff3a8d61502c1ccce6,TRPFBSQ12903D13E3C
8d4d3ffcd48d0c231f254fff3a8d61502c1ccce6,TRMFCAR128F1468ED0
8d4d3ffcd48d0c231f254fff3a8d61502c1ccce6,TRFVCUU128F4232261
8d4d3ffcd48d0c231f254fff3a8d61502c1ccce6,TRHBRGL128E07844A4
8d4d3ffcd48d0c231f254fff3a8d61502c1ccce6,TRGYCJP128F14884C0
72156bd03a792f534ae7c4e3be28ff60f6127281,TRUBZOC128F9320A31
72156bd03a792f534ae7c4e3be28ff60f6127281,TRIDPWO128F423DBC6
72156bd03a792f534ae7c4e3be28ff60f6127281,TRARTEH128F423DBC1
72156bd03a792f534ae7c4e3be28ff60f6127281,TRJSEXD128F423DBC4
72156bd03a792f534ae7c4e3be28ff60f6127281,TRCDQGA128F93171E9
72156bd03a792f534ae7c4e3be28ff60f6127281,TRIHPOR128F9320A3D
72156bd03a792f534ae7c4e3be28ff60f6127281,TREOVWY128F9320A38
72156bd03a792f534ae7c4e3be28ff60f6127281,TRHLHUD128F427FA31
72156bd03a792f534ae7c4e3be28ff60f6127281,TRGCDKU128F1482021
72156bd03a792f534ae7c4e3be28ff60f6127281,TREODII128F9320A36
3e03242468cbefe4f86ca81a0840617982dd37fc,TRYEGSH12903CD2DCE
3e03242468cbefe4f86ca81a0840617982dd37fc,TRZEDRT12903CD2DCC
3e03242468cbefe4f86ca81a0840617982dd37fc,TRFTUIW128E0784B9F
3e03242468cbefe4f86ca81a0840617982dd37fc,TRUDQDT128F42811F1
3e03242468cbefe4f86ca81a0840617982dd37fc,TRQFLSV128F427EC6B
3e03242468cbefe4f86ca81a0840617982dd37fc,TRFNGJS128F92F9EEE
3e03242468cbefe4f86ca81a0840617982dd37fc,TRRVJCK12903CD2DCB
3e03242468cbefe4f86ca81a0840617982dd37fc,TRXUWEC128F426BE3F
3e03242468cbefe4f86ca81a0840617982dd37fc,TRAALAH128E078234A
3e03242468cbefe4f86ca81a0840617982dd37fc,TRONYHY128F92C9D11
301138603f6a1b5286edc2d8622794109661ed1f,TRUFTBY128F93450B8
301138603f6a1b5286edc2d8622794109661ed1f,TRFUPBA128F934F7E1
301138603f6a1b5286edc2d8622794109661ed1f,TRSUSWW128F93463BF
301138603f6a1b5286edc2d8622794109661ed1f,TRAAKDG128F42A0ECB
301138603f6a1b5286edc2d8622794109661ed1f,TREAQZW128F92F808B
301138603f6a1b5286edc2d8622794109661ed1f,TRUHCIP128F428CDAB
301138603f6a1b5286edc2d8622794109661ed1f,TRAAGCZ128F93210FD
301138603f6a1b5286edc2d8622794109661ed1f,TRUIATC128EF343580
301138603f6a1b5286edc2d8622794109661ed1f,TRGCHLH12903CB7352
301138603f6a1b5286edc2d8622794109661ed1f,TRIEPHZ128F93450CD
822c627c347af90c54297a8f4f53db4bb0a8ff76,TRZFPUI128F147A02A
822c627c347af90c54297a8f4f53db4bb0a8ff76,TROBNEK128F148AE08
822c627c347af90c54297a8f4f53db4bb0a8ff76,TRLXCEF128F9304164
822c627c347af90c54297a8f4f53db4bb0a8ff76,TRZNUZO128F930416B
822c627c347af90c54297a8f4f53db4bb0a8ff76,TRAKQXJ128F147A028
822c627c347af90c54297a8f4f53db4bb0a8ff76,TRPSOIT128F147A026
822c627c347af90c54297a8f4f53db4bb0a8ff76,TRFFILL128F9304160
822c627c347af90c54297a8f4f53db4bb0a8ff76,TRABQJG128F4267518
822c627c347af90c54297a8f4f53db4bb0a8ff76,TROHUDY128F147A029
822c627c347af90c54297a8f4f53db4bb0a8ff76,TRBEDVH128F14599C7
bdcf54068324c443933c87fc36944d11a0614805,TRLUPKD128F4263009
bdcf54068324c443933c87fc36944d11a0614805,TRZHCHI12903CD8DCB
bdcf54068324c443933c87fc36944d11a0614805,TROBUUZ128F4263002
bdcf54068324c443933c87fc36944d11a0614805,TRKHENP128F426300D
bdcf54068324c443933c87fc36944d11a0614805,TRZEIFY12903CD8DD4
bdcf54068324c443933c87fc36944d11a0614805,TRXHNJR128F92F6FF8
bdcf54068324c443933c87fc36944d11a0614805,TRCMDDY128F4263007
bdcf54068324c443933c87fc36944d11a0614805,TRYSQLQ128F4263004
bdcf54068324c443933c87fc36944d11a0614805,TRKEXEC128F4263006
bdcf54068324c443933c87fc36944d11a0614805,TRXBWOM128F930C138
abc6cae63bdc2a36248c6678b8a6787bf002a678,TRKGCIA128F92C315D
abc6cae63bdc2a36248c6678b8a6787bf002a678,TRRMVBR128F92F64BA
abc6cae63bdc2a36248c6678b8a6787bf002a678,TRFWQJI128EF35F617
abc6cae63bdc2a36248c6678b8a6787bf002a678,TRVVWSW128F4292931
abc6cae63bdc2a36248c6678b8a6787bf002a678,TRIABNA128F92E3DE8
abc6cae63bdc2a36248c6678b8a6787bf002a678,TRGOHEG128F4284129
abc6cae63bdc2a36248c6678b8a6787bf002a678,TRVQTQG128F93073B0
abc6cae63bdc2a36248c6678b8a6787bf002a678,TRYYPXL128E0791FB1
abc6cae63bdc2a36248c6678b8a6787bf002a678,TROQWCW128F4283F40
abc6cae63bdc2a36248c6678b8a6787bf002a678,TRONYHY128F92C9D11
bf19f9013a7dd3df45b2d197d544fce1ae9d1d02,TROXLXH128F4289FD7
bf19f9013a7dd3df45b2d197d544fce1ae9d1d02,TRBHUYM128E07989DB
bf19f9013a7dd3df45b2d197d544fce1ae9d1d02,TRLQUGG128F4261B0E
bf19f9013a7dd3df45b2d197d544fce1ae9d1d02,TRVIVYJ128F4261B0A
bf19f9013a7dd3df45b2d197d544fce1ae9d1d02,TROPJGN128E07989DC
bf19f9013a7dd3df45b2d197d544fce1ae9d1d02,TRFAOTA128E07989E0
bf19f9013a7dd3df45b2d197d544fce1ae9d1d02,TRFOCFY128E07989DD
bf19f9013a7dd3df45b2d197d544fce1ae9d1d02,TRTDLDY12903CF7FF7
bf19f9013a7dd3df45b2d197d544fce1ae9d1d02,TRISMJG128E07989DA
bf19f9013a7dd3df45b2d197d544fce1ae9d1d02,TREJTYD128F4261B09
6c8364c40468e27dfb5dd5550ee7a7273e5916cd,TRJRBYQ128EF34DB1C
6c8364c40468e27dfb5dd5550ee7a7273e5916cd,TRZSMKX128F4293F1F
6c8364c40468e27dfb5dd5550ee7a7273e5916cd,TRYEIVN128F426A55C
6c8364c40468e27dfb5dd5550ee7a7273e5916cd,TRZUUIK128EF35F9DE
6c8364c40468e27dfb5dd5550ee7a7273e5916cd,TRRAOSJ128F933A194
6c8364c40468e27dfb5dd5550ee7a7273e5916cd,TRSZRAL128EF35F9D7
6c8364c40468e27dfb5dd5550ee7a7273e5916cd,TRLDBUM128F426A55F
6c8364c40468e27dfb5dd5550ee7a7273e5916cd,TRTEVTW128F4293EFC
6c8364c40468e27dfb5dd5550ee7a7273e5916cd,TRGADEK128E078913E
6c8364c40468e27dfb5dd5550ee7a7273e5916cd,TRGSLPE128F426A55E
5ac5da5d565ae1be33510a8de43f992a76482f71,TRGSVZA128F92CF92E
5ac5da5d565ae1be33510a8de43f992a76482f71,TRMVWMZ128F92F23AC
5ac5da5d565ae1be33510a8de43f992a76482f71,TRZVTUG128F1486A86
5ac5da5d565ae1be33510a8de43f992a76482f71,TRQRSAK128F429DE8C
5ac5da5d565ae1be33510a8de43f992a76482f71,TRBRLNJ128F92F622E
5ac5da5d565ae1be33510a8de43f992a76482f71,TRYQBGS128F92F23B1
5ac5da5d565ae1be33510a8de43f992a76482f71,TRYVVCW128F429DB85
5ac5da5d565ae1be33510a8de43f992a76482f71,TRPOISD128EF3436C4
5ac5da5d565ae1be33510a8de43f992a76482f71,TRAMGPM128F9311196
5ac5da5d565ae1be33510a8de43f992a76482f71,TRDNHAW128F429DB9A
fc7f01b26ccc34896a09049f3d79f26bdc098d6b,TRCUVMO128F424E3B8
fc7f01b26ccc34896a09049f3d79f26bdc098d6b,TRRMWJH128F42B91C5
fc7f01b26ccc34896a09049f3d79f26bdc098d6b,TRHGDIO128F9324EF2
fc7f01b26ccc34896a09049f3d79f26bdc098d6b,TRHUPES128F92E0599
fc7f01b26ccc34896a09049f3d79f26bdc098d6b,TRFFZHL12903CBE0A9
fc7f01b26ccc34896a09049f3d79f26bdc098d6b,TRBGSFN128F9324F03
fc7f01b26ccc34896a09049f3d79f26bdc098d6b,TRLHVLT128F424E3B9
fc7f01b26ccc34896a09049f3d79f26bdc098d6b,TRAUJHY128F425B3C0
fc7f01b26ccc34896a09049f3d79f26bdc098d6b,TROMJWF12903CBD7CC
fc7f01b26ccc34896a09049f3d79f26bdc098d6b,TRQEMRN128F933B4B2
19c1eec31ded9dfaf9c18793d943c8805e32cab5,TRSVLBT128F14933F9
19c1eec31ded9dfaf9c18793d943c8805e32cab5,TRNPKRK128F429831C
19c1eec31ded9dfaf9c18793d943c8805e32cab5,TRIXJSX128E0791734
19c1eec31ded9dfaf9c18793d943c8805e32cab5,TRCZKAL128E07932FC
19c1eec31ded9dfaf9c18793d943c8805e32cab5,TRXQJWK128F146DF76
19c1eec31ded9dfaf9c18793d943c8805e32cab5,TRNIMRY128E0793303
19c1eec31ded9dfaf9c18793d943c8805e32cab5,TRQSQJW128F427AEEC
19c1eec31ded9dfaf9c18793d943c8805e32cab5,TRRFOVU128F427AEEF
19c1eec31ded9dfaf9c18793d943c8805e32cab5,TRNIPAI128F93297B3
19c1eec31ded9dfaf9c18793d943c8805e32cab5,TRGBDDL128F427AEE6
8279b1218cd845a2fa3f9a7714725428a3a94bf8,TRVPSZF128F147DF97
8279b1218cd845a2fa3f9a7714725428a3a94bf8,TRXTGOV128E0780C92
8279b1218cd845a2fa3f9a7714725428a3a94bf8,TRVIQST128F4251D45
8279b1218cd845a2fa3f9a7714725428a3a94bf8,TRUOJJS128F145C256
8279b1218cd845a2fa3f9a7714725428a3a94bf8,TRFNGJS128F92F9EEE
8279b1218cd845a2fa3f9a7714725428a3a94bf8,TRMEBVU128F92F64DB
8279b1218cd845a2fa3f9a7714725428a3a94bf8,TRFWGOJ128E0780C8B
8279b1218cd845a2fa3f9a7714725428a3a94bf8,TRPOISD128EF3436C4
8279b1218cd845a2fa3f9a7714725428a3a94bf8,TRIYDYH128F9324624
8279b1218cd845a2fa3f9a7714725428a3a94bf8,TRZAWAN128F92E7D8E
fb915ac5453ca03f7d4edd9785d658ac076ae5a9,TREYOMU128F149F9B1
fb915ac5453ca03f7d4edd9785d658ac076ae5a9,TRKOHVA128F426BF70
fb915ac5453ca03f7d4edd9785d658ac076ae5a9,TRVRIBZ128F426BF71
fb915ac5453ca03f7d4edd9785d658ac076ae5a9,TRVKFAI128F92FFC0A
fb915ac5453ca03f7d4edd9785d658ac076ae5a9,TRDJRES128F933B4BA
fb915ac5453ca03f7d4edd9785d658ac076ae5a9,TRKABMK128F426BF72
fb915ac5453ca03f7d4edd9785d658ac076ae5a9,TRQMAUR128F427563B
fb915ac5453ca03f7d4edd9785d658ac076ae5a9,TRBVTGM128F425A741
fb915ac5453ca03f7d4edd9785d658ac076ae5a9,TRCJPGW128F92DDDA2
fb915ac5453ca03f7d4edd9785d658ac076ae5a9,TRQEMRN128F933B4B2
6c5c769473c2f58bb19c0b201acb35297a5ab4ec,TRWTPYD12903D03AE9
6c5c769473c2f58bb19c0b201acb35297a5ab4ec,TRXHAZS128F42598D1
6c5c769473c2f58bb19c0b201acb35297a5ab4ec,TRLUROI128F92FFBFD
6c5c769473c2f58bb19c0b201acb35297a5ab4ec,TRRLMBZ128F42BA561
6c5c769473c2f58bb19c0b201acb35297a5ab4ec,TRZLEQU128F4259AFD
6c5c769473c2f58bb19c0b201acb35297a5ab4ec,TRUDNRB128F42598CA
6c5c769473c2f58bb19c0b201acb35297a5ab4ec,TRJJQNH128F92CEB62
6c5c769473c2f58bb19c0b201acb35297a5ab4ec,TRXTTMJ128F92FFC02
6c5c769473c2f58bb19c0b201acb35297a5ab4ec,TRZXJMS128F4259AFC
6c5c769473c2f58bb19c0b201acb35297a5ab4ec,TRLOHWT128F42598CF
dcd836f3b3274150f1c434fb81dad9715a9030cb,TRHFIFS128F92DD8B0
dcd836f3b3274150f1c434fb81dad9715a9030cb,TRCJECT128F4296AB1
dcd836f3b3274150f1c434fb81dad9715a9030cb,TRXCTBA128F421BC3F
dcd836f3b3274150f1c434fb81dad9715a9030cb,TROTOCQ12903CAFFCA
dcd836f3b3274150f1c434fb81dad9715a9030cb,TRAOHDW128F427DFD8
dcd836f3b3274150f1c434fb81dad9715a9030cb,TRYHNMR128F92C5DD1
dcd836f3b3274150f1c434fb81dad9715a9030cb,TRSXCET128F92EB269
dcd836f3b3274150f1c434fb81dad9715a9030cb,TRCPSTQ128F42996EA
dcd836f3b3274150f1c434fb81dad9715a9030cb,TRASUJG128F92D6316
dcd836f3b3274150f1c434fb81dad9715a9030cb,TRXFMML128F4291604
d35dcdc9fe8dc766e0f71c569cef225dd8efaba3,TROWQGL128E0784BAA
d35dcdc9fe8dc766e0f71c569cef225dd8efaba3,TROMKCG128F9320C09
d35dcdc9fe8dc766e0f71c569cef225dd8efaba3,TRVTOKP128F42AEB2D
d35dcdc9fe8dc766e0f71c569cef225dd8efaba3,TRDYWLC128E0784B9A
d35dcdc9fe8dc766e0f71c569cef225dd8efaba3,TRCQYJE128E078FA49
d35dcdc9fe8dc766e0f71c569cef225dd8efaba3,TRGGLQD12903D1256C
d35dcdc9fe8dc766e0f71c569cef225dd8efaba3,TRSXDQY128F424E970
d35dcdc9fe8dc766e0f71c569cef225dd8efaba3,TRFTUIW128E0784B9F
d35dcdc9fe8dc766e0f71c569cef225dd8efaba3,TRAEUIW12903D018F0
d35dcdc9fe8dc766e0f71c569cef225dd8efaba3,TRWHHKF128E078FC37
d5527b7fd7b0c7699bf83b00df69c26a8207ac7f,TRPUGKZ128E0792988
d5527b7fd7b0c7699bf83b00df69c26a8207ac7f,TRRRMKC128E0792990
d5527b7fd7b0c7699bf83b00df69c26a8207ac7f,TRVUGOX128E0784629
d5527b7fd7b0c7699bf83b00df69c26a8207ac7f,TRSAMWH128F4214D8B
d5527b7fd7b0c7699bf83b00df69c26a8207ac7f,TRJLZIU128F932B3F2
d5527b7fd7b0c7699bf83b00df69c26a8207ac7f,TRRTHYD128F932B3EC
d5527b7fd7b0c7699bf83b00df69c26a8207ac7f,TROIQMT128E0792994
d5527b7fd7b0c7699bf83b00df69c26a8207ac7f,TRXJCGM128F932D16B
d5527b7fd7b0c7699bf83b00df69c26a8207ac7f,TRDJTYX128E0791989
d5527b7fd7b0c7699bf83b00df69c26a8207ac7f,TRPAYRK128E0792986
eea9595b49ade3384129245a2a565b650c629f23,TRXUVJK128F934B383
eea9595b49ade3384129245a2a565b650c629f23,TREKJPL128F934B684
eea9595b49ade3384129245a2a565b650c629f23,TRBZDMX128F934B682
eea9595b49ade3384129245a2a565b650c629f23,TRIPAUX128F934B53F
eea9595b49ade3384129245a2a565b650c629f23,TRNHRRE128F934B687
eea9595b49ade3384129245a2a565b650c629f23,TRWAMCD128F934B688
eea9595b49ade3384129245a2a565b650c629f23,TRGDXLG128F934B685
eea9595b49ade3384129245a2a565b650c629f23,TRRJGQU128F934B53C
eea9595b49ade3384129245a2a565b650c629f23,TRXCARO128F934B686
eea9595b49ade3384129245a2a565b650c629f23,TROBHNG128F934B68A
d8471d0cfad5c445addf57276fbcbfd408824871,TRPBSNS128F932EC0D
d8471d0cfad5c445addf57276fbcbfd408824871,TREYOJA128F4299262
d8471d0cfad5c445addf57276fbcbfd408824871,TRBPEZO128F4299263
d8471d0cfad5c445addf57276fbcbfd408824871,TRUJKVB128F932EBF2
d8471d0cfad5c445addf57276fbcbfd408824871,TRATATB128F427C7F2
d8471d0cfad5c445addf57276fbcbfd408824871,TRJUAGI128F426177C
d8471d0cfad5c445addf57276fbcbfd408824871,TRPTNMS128F4299268
d8471d0cfad5c445addf57276fbcbfd408824871,TRQOYSU128F932EC09
d8471d0cfad5c445addf57276fbcbfd408824871,TRAADCQ128F932EC14
d8471d0cfad5c445addf57276fbcbfd408824871,TRAAJJW128F4298683
ad439b81ec86d35e1101f9b7820229580e010fc6,TRPEAEF128E0785D4C
ad439b81ec86d35e1101f9b7820229580e010fc6,TRGTJJP128F4263D52
ad439b81ec86d35e1101f9b7820229580e010fc6,TRSATBO128F4263D5A
ad439b81ec86d35e1101f9b7820229580e010fc6,TRXDXLQ128E0785D4A
ad439b81ec86d35e1101f9b7820229580e010fc6,TRMGWIZ128F4263D54
ad439b81ec86d35e1101f9b7820229580e010fc6,TRTETOH128E0785D48
ad439b81ec86d35e1101f9b7820229580e010fc6,TRVYVHX128F4263D5C
ad439b81ec86d35e1101f9b7820229580e010fc6,TRRIVWI128F4263D5B
ad439b81ec86d35e1101f9b7820229580e010fc6,TRWJTDV128F4263D61
ad439b81ec86d35e1101f9b7820229580e010fc6,TRDVSCH128F931B5E0
c16010c2bcd4f0bf23d666d5aac758982f78d70f,TRNPJTP128F14A770D
c16010c2bcd4f0bf23d666d5aac758982f78d70f,TRDZGXK128F14A7704
c16010c2bcd4f0bf23d666d5aac758982f78d70f,TRDFNWO128F92DFBA5
c16010c2bcd4f0bf23d666d5aac758982f78d70f,TRJDHXD128F14AE29C
c16010c2bcd4f0bf23d666d5aac758982f78d70f,TRYBCOS128F9346B82
c16010c2bcd4f0bf23d666d5aac758982f78d70f,TRZDDRC128F9346B9C
c16010c2bcd4f0bf23d666d5aac758982f78d70f,TRRKMOD128F9346B9E
c16010c2bcd4f0bf23d666d5aac758982f78d70f,TRBMNPW128F14A7707
c16010c2bcd4f0bf23d666d5aac758982f78d70f,TRIOPJP128F14A7703
c16010c2bcd4f0bf23d666d5aac758982f78d70f,TRMNPNZ128F9346B9B
2561a2f0189691418a003a443d69aad7f9842677,TRAAZVF128F145BFED
2561a2f0189691418a003a443d69aad7f9842677,TRRIPXR128F42490AE
2561a2f0189691418a003a443d69aad7f9842677,TRSXCQP128F930CFD4
2561a2f0189691418a003a443d69aad7f9842677,TRUOTJQ128F4263DB2
2561a2f0189691418a003a443d69aad7f9842677,TRFNSTQ128F9326B0B
2561a2f0189691418a003a443d69aad7f9842677,TRVBFKW128F4263D97
2561a2f0189691418a003a443d69aad7f9842677,TRZXNGV128F4263D9A
2561a2f0189691418a003a443d69aad7f9842677,TRJJQRG128F148B724
2561a2f0189691418a003a443d69aad7f9842677,TRPSVTL128F936017F
2561a2f0189691418a003a443d69aad7f9842677,TRUKXMW128EF35190A
12b37655d289136501629c03f3817093813b7474,TRKNOQE128F425BEF5
12b37655d289136501629c03f3817093813b7474,TRTVXIH128F426625A
12b37655d289136501629c03f3817093813b7474,TRZOEEZ128F92F13F1
12b37655d289136501629c03f3817093813b7474,TRFZPOL128F92C47AB
12b37655d289136501629c03f3817093813b7474,TRUJMAW128F4261E2D
12b37655d289136501629c03f3817093813b7474,TREHVBX128F92FD8DC
12b37655d289136501629c03f3817093813b7474,TRLMPWJ128F428C0EA
12b37655d289136501629c03f3817093813b7474,TRBQTNJ128F423998E
12b37655d289136501629c03f3817093813b7474,TRXBXAU128F428FE65
12b37655d289136501629c03f3817093813b7474,TRRXICZ128F92E6862
81de0d15c3801f754597e4641f1a493fff39fe2a,TRZUSDI128F4259806
81de0d15c3801f754597e4641f1a493fff39fe2a,TRUHUNN128F92E58B5
81de0d15c3801f754597e4641f1a493fff39fe2a,TRRTVVF128F930FD97
81de0d15c3801f754597e4641f1a493fff39fe2a,TRFIQEY128F14840B9
81de0d15c3801f754597e4641f1a493fff39fe2a,TRJGKHB128F930FDA2
81de0d15c3801f754597e4641f1a493fff39fe2a,TRTWOCA128F14840B8
81de0d15c3801f754597e4641f1a493fff39fe2a,TRDTHXI128F930FD9C
81de0d15c3801f754597e4641f1a493fff39fe2a,TROLWOI128F425EF06
81de0d15c3801f754597e4641f1a493fff39fe2a,TRDOZVQ128F930FDA5
81de0d15c3801f754597e4641f1a493fff39fe2a,TRTFNLQ128F4258741
